ID,Options,Status,Topic,Evidence,Required_action_or_correction,Source
C01,All,HOLD,Code pathway,"Office-to-residential conversion confirmed. Existing B use is inferred, not documented. IRC townhouse eligibility is not yet established.",Obtain existing occupancy record and classify the complete building; select IEBC compliance method with the Village.,S01/S04/S06/S07/S13
C02,All,HOLD,Approval conditions,Architect confirms zoning/conversion approval. Approved drawings and conditions are absent.,"Reconcile total units, bedroom mix, balconies, parking and building outline with the actual approval. Do not infer a new rezoning requirement.",S08
C03,All,HOLD,Sprinklers,Existing sprinkler status is unknown. Architect reports complete interior-wall demolition; assess the local full-interior-renovation trigger.,"Resolve local IFC 903.2 and residential R313 with Fire Prevention; document system type, water supply and coverage. No sprinkler exemption assumed.",S02/S04
C04,All,HOLD,Rated unit separation,"Shared wall lines have no tested assembly, continuity, roof junction or penetration detail.",Provide rated assembly schedule and coordinated sections. Confirm structural independence/accepted exceptions if IRC applies.,S05/S07
C05,"4,5",PARTIAL,Kitchen services,Earlier concepts put sinks against shared walls without a defined service route. This did not prove piping was inside a rated cavity.,"R03 reserves a separate 6 in zone on each kitchen side. Route services within each unit; engineer size, firestopping and floor penetrations.",S05
C06,"1,3,4,5",HOLD,Door and stair interface,Ground-floor bath doors are close to the first tread. Clear landing and door geometry are not fully dimensioned.,Provide enlarged measured plans and sections. Reposition/rehinge only after fixture clearance and landing geometry are verified.,S05
C07,2,HOLD,Stair/bath overlap,Upper-floor stair lines overlap sanitary fixture graphics. A graphic conflict is visible; a physical conflict is unproven.,Separate floor-below linework and draw stair opening plus headroom section. Original Option 2 stays unchanged.,Drawing evidence
C08,All,HOLD,Stair geometry,"Riser count, floor height, tread/landing dimensions and headroom cannot be reconciled from the supplied set.","Survey levels and draw each distinct stair section. Verify handrails, guards and all turning treads under the accepted code.",S05
C09,All,HOLD,Sleeping-room rescue,"Bedroom windows are shown, but net clear opening, sill height and operating type are not scheduled.",Check every bedroom. Balcony access alone does not establish a compliant rescue opening or exit route.,S05
C10,All,HOLD,Main entrance / discharge,Doors are drawn without a clear-opening or level schedule. External discharge to a public way is not documented.,"Dimension clear openings, thresholds, landings and exterior routes; verify accessible entrance obligations.",S05/S09
C11,"3,5",PARTIAL,Balcony access and safety,Option 3 access symbols are ambiguous. Option 5 proposed sliders clarify intent but do not resolve construction.,"Option 5 specifies safety glazing. Resolve structural headers, guards, loads, drainage and thresholds before release.",S11/S04
C12,4,PARTIAL,Kitchen enclosure glazing,Earlier new glazing had no safety-glazing specification.,R03 specifies safety glazing at slider; check adjacent panels and the selected tested product. Keep appliance and door operation clear.,S11
C13,All,HOLD,Accessibility,"No site access slopes, threshold levels, scoping matrix or accessible-unit details supplied.","Establish state and applicable IBC/IEBC scoping, unit counts and common-area obligations. Ground-floor bedroom alone is not proof of accessibility.",S09/S13
C14,All,HOLD,Existing structure / new floor,"Interior walls are already removed, per architect. Existing/new floor structure and stability of the retained exterior shell are undocumented.","Verify retained-shell stability, columns, beams, foundations and any new floor/stair openings. Include dead loads, alterations and balcony support.",S04
C15,All,HOLD,Energy and envelope,"No wall/roof build-ups, window performance, air-sealing or compliance calculation supplied.",Prepare conversion-specific 2024 Illinois energy assessment and identify retained versus altered envelope elements.,S03
C16,All,HOLD,Ventilation and utilities,"No coordinated residential HVAC, exhaust, fresh air, water/sewer or electrical capacity plan supplied.","Locate equipment and shafts, exhaust outdoors, maintain separation and coordinate laundry/kitchen/bath services.",S01/S10/S14
C17,All,HOLD,Smoke and CO detection,Architectural set does not show a coordinated alarm/detection plan.,"Provide device layout, power/interconnection and system coordination under the accepted local/state code pathway.",S01/S02
C18,"1,2,3",REVIEW,Kitchen ergonomics,Selected source aisle dimensions are 36 in. Open appliance doors and chairs can reduce usable space.,Test actual equipment and occupied furniture. A 36 in kitchen aisle is not by itself a proven code violation.,Source DXF/PDF
C19,All,REVIEW,Dimensions and furniture,Units differ by row and corner. Complete room/opening chains and measured clearances are missing.,Dimension each unit separately; select real appliances and furniture. Retained source dimensions are not field verification.,Source DXF/PDF
C20,All,REVIEW,Storage and daily use,"Laundry/service access, linen/general storage, entry coats and acoustic privacy are not consistently resolved.","Develop storage schedule and maintenance access; review sleeping-room privacy, daylight and demising-wall acoustics.",Architectural review
